timestamp,instance_type,az_name,price
2025-08-01T00:00:00Z,g4dn.xlarge,us-east-1b,0.2066
2025-08-01T00:00:00Z,g5.xlarge,us-east-1a,0.4271
2025-08-01T00:00:00Z,p3.2xlarge,us-east-1b,0.7529
2025-08-01T00:00:00Z,p3.2xlarge,us-west-2a,0.8556
2025-08-01T00:00:00Z,g5.xlarge,us-east-1b,0.4159
2025-08-01T00:00:00Z,g4dn.xlarge,us-west-2a,0.2111
2025-08-01T00:00:00Z,g4dn.xlarge,us-east-1a,0.2039
2025-08-01T00:00:00Z,g5.xlarge,us-west-2a,0.4392
2025-08-01T00:00:00Z,p3.2xlarge,us-east-1a,0.6421
2025-08-01T00:03:24Z,g5.xlarge,us-east-1a,0.4286
2025-08-01T01:03:14Z,g4dn.xlarge,us-east-1b,0.2083
2025-08-01T02:17:30Z,g4dn.xlarge,us-west-2a,0.2112
2025-08-01T03:35:14Z,g5.xlarge,us-east-1b,0.4173
2025-08-01T04:32:19Z,g4dn.xlarge,us-east-1a,0.2041
2025-08-01T04:32:25Z,g5.xlarge,us-west-2a,0.443
2025-08-01T04:33:10Z,p3.2xlarge,us-east-1b,0.7533
2025-08-01T05:17:45Z,p3.2xlarge,us-west-2a,0.8628
2025-08-01T05:48:33Z,p3.2xlarge,us-east-1a,0.6461
2025-08-01T06:32:23Z,g4dn.xlarge,us-west-2a,0.2122
2025-08-01T07:47:48Z,g4dn.xlarge,us-east-1b,0.2079
2025-08-01T08:47:40Z,g5.xlarge,us-east-1a,0.4305
2025-08-01T09:17:24Z,g5.xlarge,us-west-2a,0.4496
2025-08-01T09:17:48Z,g4dn.xlarge,us-east-1a,0.2056
2025-08-01T10:17:45Z,g5.xlarge,us-east-1b,0.4136
2025-08-01T11:17:56Z,p3.2xlarge,us-east-1b,0.7571
2025-08-01T11:18:52Z,g4dn.xlarge,us-west-2a,0.2123
2025-08-01T11:47:45Z,p3.2xlarge,us-west-2a,0.8683
2025-08-01T12:02:49Z,g4dn.xlarge,us-east-1b,0.2088
2025-08-01T13:18:43Z,p3.2xlarge,us-east-1a,0.6521
2025-08-01T15:18:15Z,g5.xlarge,us-east-1a,0.428
2025-08-01T15:47:51Z,g4dn.xlarge,us-east-1a,0.2052
2025-08-01T16:48:12Z,p3.2xlarge,us-east-1b,0.7576
2025-08-01T17:03:23Z,p3.2xlarge,us-west-2a,0.8666
2025-08-01T18:02:27Z,g5.xlarge,us-west-2a,0.4558
2025-08-01T18:32:29Z,g4dn.xlarge,us-west-2a,0.2127
2025-08-01T18:32:40Z,g5.xlarge,us-east-1a,0.4251
2025-08-01T19:18:07Z,g5.xlarge,us-east-1b,0.4163
2025-08-01T19:47:22Z,g4dn.xlarge,us-east-1b,0.2082
2025-08-01T20:17:47Z,p3.2xlarge,us-east-1a,0.6576
2025-08-01T21:47:48Z,g4dn.xlarge,us-east-1a,0.2044
2025-08-01T21:48:12Z,p3.2xlarge,us-east-1b,0.7628
2025-08-01T22:18:09Z,g5.xlarge,us-east-1a,0.4245
2025-08-01T23:17:46Z,g5.xlarge,us-east-1b,0.4178
2025-08-02T00:48:29Z,p3.2xlarge,us-west-2a,0.8619
2025-08-02T01:33:34Z,p3.2xlarge,us-east-1a,0.6581
2025-08-02T01:47:37Z,g5.xlarge,us-west-2a,0.4607
2025-08-02T01:47:48Z,g4dn.xlarge,us-east-1a,0.206
2025-08-02T02:02:48Z,g4dn.xlarge,us-east-1b,0.2092
2025-08-02T02:47:49Z,p3.2xlarge,us-east-1b,0.7641
2025-08-02T03:32:26Z,g4dn.xlarge,us-west-2a,0.216
2025-08-02T04:33:54Z,g5.xlarge,us-east-1a,0.4265
2025-08-02T04:34:08Z,p3.2xlarge,us-west-2a,0.8684
2025-08-02T06:32:48Z,g4dn.xlarge,us-east-1a,0.2065
2025-08-02T06:32:48Z,g4dn.xlarge,us-east-1b,0.2095
2025-08-02T07:33:08Z,g5.xlarge,us-east-1b,0.4181
2025-08-02T08:47:47Z,p3.2xlarge,us-west-2a,0.8716
2025-08-02T08:47:55Z,p3.2xlarge,us-east-1a,0.6609
2025-08-02T09:18:20Z,g5.xlarge,us-west-2a,0.4611
2025-08-02T09:33:19Z,p3.2xlarge,us-east-1b,0.7724
2025-08-02T09:47:48Z,g4dn.xlarge,us-east-1a,0.2057
2025-08-02T11:02:26Z,g4dn.xlarge,us-west-2a,0.2175
2025-08-02T11:48:07Z,g5.xlarge,us-east-1a,0.422
2025-08-02T14:48:33Z,p3.2xlarge,us-east-1b,0.7773
2025-08-02T16:02:41Z,g5.xlarge,us-east-1b,0.4214
2025-08-02T16:02:52Z,g4dn.xlarge,us-east-1a,0.2069
2025-08-02T16:32:54Z,p3.2xlarge,us-west-2a,0.8732
2025-08-02T17:03:45Z,p3.2xlarge,us-east-1a,0.6677
2025-08-02T17:03:52Z,g5.xlarge,us-west-2a,0.466
2025-08-02T19:17:49Z,g4dn.xlarge,us-east-1b,0.2107
2025-08-02T19:32:48Z,g4dn.xlarge,us-west-2a,0.2183
2025-08-02T19:34:40Z,g5.xlarge,us-east-1b,0.4257
2025-08-02T20:02:53Z,p3.2xlarge,us-east-1b,0.7893
2025-08-02T20:18:39Z,g5.xlarge,us-east-1a,0.4195
2025-08-02T21:02:42Z,p3.2xlarge,us-west-2a,0.8764
2025-08-02T21:02:54Z,p3.2xlarge,us-east-1a,0.6723
2025-08-02T22:47:28Z,g5.xlarge,us-west-2a,0.4691
2025-08-02T23:48:30Z,p3.2xlarge,us-east-1b,0.7913
2025-08-03T00:18:53Z,g4dn.xlarge,us-west-2a,0.2193
2025-08-03T00:32:48Z,g4dn.xlarge,us-east-1a,0.207
2025-08-03T00:32:48Z,g4dn.xlarge,us-east-1b,0.2116
2025-08-03T00:32:49Z,g5.xlarge,us-east-1a,0.419
2025-08-03T01:17:51Z,p3.2xlarge,us-east-1a,0.6776
2025-08-03T03:17:30Z,g5.xlarge,us-west-2a,0.4733
2025-08-03T03:17:55Z,p3.2xlarge,us-west-2a,0.8825
2025-08-03T04:02:44Z,g5.xlarge,us-east-1b,0.429
2025-08-03T05:32:33Z,g4dn.xlarge,us-west-2a,0.2188
2025-08-03T05:47:49Z,g4dn.xlarge,us-east-1b,0.2117
2025-08-03T07:17:22Z,g5.xlarge,us-west-2a,0.4817
2025-08-03T07:50:17Z,g5.xlarge,us-east-1b,0.4304
2025-08-03T08:18:07Z,p3.2xlarge,us-east-1a,0.6832
2025-08-03T08:19:07Z,p3.2xlarge,us-east-1b,0.8058
2025-08-03T08:33:10Z,g5.xlarge,us-east-1a,0.4175
2025-08-03T09:17:52Z,g4dn.xlarge,us-east-1a,0.2087
2025-08-03T10:19:09Z,p3.2xlarge,us-west-2a,0.8879
2025-08-03T10:47:24Z,g4dn.xlarge,us-west-2a,0.2186
2025-08-03T11:47:40Z,g5.xlarge,us-east-1b,0.4318
2025-08-03T13:32:49Z,g4dn.xlarge,us-east-1a,0.2102
2025-08-03T13:33:40Z,g5.xlarge,us-east-1a,0.4192
2025-08-03T14:47:48Z,g4dn.xlarge,us-east-1b,0.2123
2025-08-03T15:03:42Z,p3.2xlarge,us-east-1a,0.6903
2025-08-03T15:33:02Z,g4dn.xlarge,us-west-2a,0.2189
2025-08-03T15:47:37Z,g5.xlarge,us-west-2a,0.4857
2025-08-03T16:17:48Z,g5.xlarge,us-east-1b,0.4349
2025-08-03T17:18:17Z,p3.2xlarge,us-east-1b,0.8118
2025-08-03T18:03:25Z,p3.2xlarge,us-west-2a,0.889
2025-08-03T19:20:39Z,g4dn.xlarge,us-east-1a,0.2109
2025-08-03T19:48:10Z,g4dn.xlarge,us-east-1b,0.2125
2025-08-03T20:03:07Z,p3.2xlarge,us-east-1a,0.6899
2025-08-03T21:02:35Z,g4dn.xlarge,us-west-2a,0.2195
2025-08-03T21:03:39Z,p3.2xlarge,us-east-1b,0.8163
2025-08-03T21:17:52Z,g5.xlarge,us-east-1a,0.4237
2025-08-03T23:17:54Z,p3.2xlarge,us-east-1a,0.69
2025-08-03T23:49:16Z,g5.xlarge,us-west-2a,0.4918
2025-08-04T00:02:29Z,g5.xlarge,us-east-1b,0.4376
2025-08-04T00:47:38Z,p3.2xlarge,us-west-2a,0.8901
2025-08-04T02:02:39Z,g4dn.xlarge,us-east-1b,0.2138
2025-08-04T02:18:06Z,p3.2xlarge,us-east-1b,0.8247
2025-08-04T02:47:39Z,g4dn.xlarge,us-east-1a,0.2128
2025-08-04T03:17:35Z,g5.xlarge,us-west-2a,0.4983
2025-08-04T03:47:50Z,g5.xlarge,us-east-1b,0.4406
2025-08-04T04:48:19Z,g4dn.xlarge,us-west-2a,0.2203
2025-08-04T05:33:04Z,g5.xlarge,us-east-1a,0.4282
2025-08-04T07:03:09Z,g4dn.xlarge,us-east-1a,0.2139
2025-08-04T07:18:09Z,g4dn.xlarge,us-east-1b,0.2143
2025-08-04T07:33:42Z,p3.2xlarge,us-east-1a,0.696
2025-08-04T07:47:57Z,p3.2xlarge,us-west-2a,0.8959
2025-08-04T09:18:26Z,p3.2xlarge,us-east-1b,0.8403
2025-08-04T10:18:03Z,g5.xlarge,us-west-2a,0.5033
2025-08-04T10:48:30Z,p3.2xlarge,us-east-1a,0.6986
2025-08-04T11:32:44Z,g4dn.xlarge,us-west-2a,0.2193
2025-08-04T11:33:04Z,g4dn.xlarge,us-east-1b,0.2152
2025-08-04T12:17:48Z,g5.xlarge,us-east-1b,0.4419
2025-08-04T12:33:09Z,p3.2xlarge,us-west-2a,0.8953
2025-08-04T12:48:42Z,p3.2xlarge,us-east-1b,0.8469
2025-08-04T13:33:20Z,g5.xlarge,us-east-1a,0.4345
2025-08-04T14:47:46Z,g4dn.xlarge,us-east-1b,0.2153
2025-08-04T15:32:30Z,g5.xlarge,us-west-2a,0.5088
2025-08-04T16:02:47Z,g4dn.xlarge,us-east-1a,0.215
2025-08-04T16:18:24Z,g5.xlarge,us-east-1b,0.4436
2025-08-04T17:18:27Z,p3.2xlarge,us-west-2a,0.8965
2025-08-04T17:32:36Z,p3.2xlarge,us-east-1a,0.7005
2025-08-04T17:46:48Z,g5.xlarge,us-east-1a,0.4343
2025-08-04T18:01:55Z,p3.2xlarge,us-east-1b,0.851
2025-08-04T19:47:14Z,g4dn.xlarge,us-west-2a,0.2175
2025-08-04T20:46:48Z,p3.2xlarge,us-east-1a,0.7069
2025-08-04T21:17:48Z,p3.2xlarge,us-west-2a,0.9025
2025-08-04T21:31:52Z,g5.xlarge,us-east-1a,0.4339
2025-08-04T23:46:48Z,g5.xlarge,us-east-1b,0.4441
2025-08-04T23:47:26Z,g5.xlarge,us-west-2a,0.5102
2025-08-05T00:16:46Z,g4dn.xlarge,us-east-1a,0.2151
2025-08-05T00:17:16Z,p3.2xlarge,us-east-1a,0.7102
2025-08-05T00:47:45Z,g4dn.xlarge,us-east-1b,0.2166
2025-08-05T01:16:24Z,g5.xlarge,us-east-1a,0.435
2025-08-05T01:47:16Z,p3.2xlarge,us-east-1b,0.8514
2025-08-05T04:02:41Z,g5.xlarge,us-west-2a,0.5099
2025-08-05T04:17:15Z,g4dn.xlarge,us-west-2a,0.2186
2025-08-05T04:31:45Z,p3.2xlarge,us-east-1a,0.715
2025-08-05T05:17:42Z,g4dn.xlarge,us-east-1b,0.2158
2025-08-05T06:01:49Z,g5.xlarge,us-east-1b,0.4453
2025-08-05T06:17:10Z,p3.2xlarge,us-west-2a,0.8981
2025-08-05T07:46:43Z,p3.2xlarge,us-east-1b,0.857
2025-08-05T07:47:30Z,g5.xlarge,us-west-2a,0.5087
2025-08-05T08:03:43Z,g4dn.xlarge,us-west-2a,0.2188
2025-08-05T08:31:46Z,g4dn.xlarge,us-east-1a,0.2157
2025-08-05T08:47:20Z,g5.xlarge,us-east-1a,0.4339
2025-08-05T11:03:21Z,p3.2xlarge,us-west-2a,0.9042
2025-08-05T11:31:54Z,g5.xlarge,us-east-1b,0.4477
2025-08-05T11:47:46Z,g4dn.xlarge,us-east-1a,0.214
2025-08-05T11:48:16Z,g4dn.xlarge,us-east-1b,0.2161
2025-08-05T12:16:50Z,p3.2xlarge,us-east-1a,0.7142
2025-08-05T13:47:24Z,g5.xlarge,us-west-2a,0.5141
2025-08-05T15:31:43Z,p3.2xlarge,us-east-1b,0.8646
2025-08-05T15:32:34Z,p3.2xlarge,us-west-2a,0.9015
2025-08-05T16:17:17Z,g4dn.xlarge,us-west-2a,0.2177
2025-08-05T17:01:53Z,g5.xlarge,us-east-1a,0.4308
2025-08-05T17:16:49Z,g4dn.xlarge,us-east-1a,0.2144
2025-08-05T17:32:10Z,g5.xlarge,us-east-1b,0.448
2025-08-05T18:31:51Z,g5.xlarge,us-west-2a,0.5168
2025-08-05T20:16:46Z,g4dn.xlarge,us-east-1b,0.2174
2025-08-05T21:46:43Z,g4dn.xlarge,us-west-2a,0.2187
2025-08-05T23:02:00Z,p3.2xlarge,us-west-2a,0.9019
2025-08-05T23:02:57Z,p3.2xlarge,us-east-1b,0.8669
2025-08-05T23:16:54Z,g5.xlarge,us-east-1a,0.4295
2025-08-06T00:47:31Z,g5.xlarge,us-west-2a,0.519
2025-08-06T01:03:47Z,p3.2xlarge,us-east-1a,0.7164
2025-08-06T02:16:55Z,g4dn.xlarge,us-east-1a,0.2145
2025-08-06T02:31:33Z,g5.xlarge,us-east-1b,0.449
2025-08-06T04:16:54Z,g4dn.xlarge,us-west-2a,0.2194
2025-08-06T04:31:59Z,p3.2xlarge,us-east-1b,0.8677
2025-08-06T05:17:15Z,p3.2xlarge,us-west-2a,0.8987
2025-08-06T06:03:33Z,p3.2xlarge,us-east-1a,0.7172
2025-08-06T06:48:08Z,g5.xlarge,us-east-1a,0.4288
2025-08-06T07:31:56Z,g4dn.xlarge,us-east-1b,0.2182
2025-08-06T07:32:26Z,g5.xlarge,us-west-2a,0.518
2025-08-06T08:31:56Z,g4dn.xlarge,us-east-1a,0.2138
2025-08-06T09:46:45Z,g4dn.xlarge,us-west-2a,0.2206
2025-08-06T10:32:56Z,g5.xlarge,us-east-1a,0.4292
2025-08-06T10:33:12Z,g5.xlarge,us-west-2a,0.518
2025-08-06T10:48:29Z,p3.2xlarge,us-east-1a,0.7195
2025-08-06T11:01:55Z,g5.xlarge,us-east-1b,0.4489
2025-08-06T11:03:27Z,p3.2xlarge,us-west-2a,0.8939
2025-08-06T11:31:46Z,p3.2xlarge,us-east-1b,0.8725
2025-08-06T14:32:14Z,g4dn.xlarge,us-east-1a,0.2146
2025-08-06T15:02:04Z,g4dn.xlarge,us-east-1b,0.2196
2025-08-06T15:16:47Z,g4dn.xlarge,us-west-2a,0.222
2025-08-06T15:46:36Z,g5.xlarge,us-west-2a,0.5173
2025-08-06T16:31:27Z,g5.xlarge,us-east-1a,0.4317
2025-08-06T17:32:02Z,p3.2xlarge,us-east-1b,0.8769
2025-08-06T19:02:51Z,p3.2xlarge,us-west-2a,0.8955
2025-08-06T19:03:04Z,p3.2xlarge,us-east-1a,0.7256
2025-08-06T19:46:55Z,g4dn.xlarge,us-east-1b,0.2203
2025-08-06T19:47:40Z,g5.xlarge,us-east-1b,0.4487
2025-08-06T20:31:53Z,g4dn.xlarge,us-east-1a,0.2143
2025-08-06T22:01:27Z,g4dn.xlarge,us-west-2a,0.2194
2025-08-06T22:03:17Z,p3.2xlarge,us-east-1b,0.8789
2025-08-07T00:47:20Z,g5.xlarge,us-east-1a,0.4331
2025-08-07T00:47:41Z,g5.xlarge,us-west-2a,0.5198
2025-08-07T01:48:55Z,p3.2xlarge,us-east-1a,0.7266
2025-08-07T02:16:54Z,g4dn.xlarge,us-east-1a,0.2124
2025-08-07T03:17:13Z,p3.2xlarge,us-west-2a,0.9023
2025-08-07T03:31:45Z,p3.2xlarge,us-east-1b,0.8875
2025-08-07T03:46:56Z,g4dn.xlarge,us-east-1b,0.2223
2025-08-07T04:01:39Z,g5.xlarge,us-west-2a,0.5189
2025-08-07T04:32:25Z,g5.xlarge,us-east-1b,0.4475
2025-08-07T05:17:21Z,g5.xlarge,us-east-1a,0.4307
2025-08-07T06:17:26Z,g4dn.xlarge,us-west-2a,0.2206
2025-08-07T06:47:19Z,p3.2xlarge,us-west-2a,0.9029
2025-08-07T08:31:55Z,g4dn.xlarge,us-east-1b,0.2229
2025-08-07T08:47:28Z,p3.2xlarge,us-east-1a,0.7311
2025-08-07T09:01:55Z,g4dn.xlarge,us-east-1a,0.2125
2025-08-07T09:31:39Z,g5.xlarge,us-west-2a,0.5198
2025-08-07T12:32:13Z,p3.2xlarge,us-east-1a,0.7328
2025-08-07T12:32:13Z,p3.2xlarge,us-east-1b,0.8948
2025-08-07T13:32:07Z,g5.xlarge,us-east-1b,0.4464
2025-08-07T13:46:55Z,g5.xlarge,us-east-1a,0.4317
2025-08-07T14:31:32Z,g4dn.xlarge,us-west-2a,0.2204
2025-08-07T15:02:25Z,g4dn.xlarge,us-east-1b,0.2239
2025-08-07T15:31:28Z,g5.xlarge,us-west-2a,0.5223
2025-08-07T15:32:43Z,p3.2xlarge,us-west-2a,0.911
2025-08-07T16:46:54Z,g4dn.xlarge,us-east-1a,0.213
2025-08-07T17:32:08Z,p3.2xlarge,us-east-1a,0.7386
2025-08-07T18:47:19Z,p3.2xlarge,us-east-1b,0.8999
2025-08-07T19:46:40Z,g4dn.xlarge,us-west-2a,0.2207
2025-08-07T20:17:18Z,g5.xlarge,us-east-1b,0.4487
2025-08-07T21:01:55Z,g4dn.xlarge,us-east-1b,0.2248
2025-08-07T21:17:06Z,p3.2xlarge,us-west-2a,0.9155
2025-08-07T21:20:03Z,p3.2xlarge,us-west-2a,0.9155
2025-08-07T21:31:59Z,p3.2xlarge,us-east-1a,0.7412
2025-08-07T21:32:10Z,g4dn.xlarge,us-east-1a,0.2138
2025-08-07T21:32:23Z,g5.xlarge,us-east-1a,0.4318
2025-08-07T23:17:47Z,g5.xlarge,us-west-2a,0.5172
2025-08-07T23:32:14Z,p3.2xlarge,us-east-1b,0.9046
2025-08-07T23:47:52Z,g5.xlarge,us-east-1b,0.4507
2025-08-08T00:16:25Z,g4dn.xlarge,us-west-2a,0.222
2025-08-08T01:47:35Z,g4dn.xlarge,us-east-1b,0.2254
2025-08-08T03:46:56Z,p3.2xlarge,us-east-1a,0.7456
2025-08-08T04:02:44Z,p3.2xlarge,us-west-2a,0.9166
2025-08-08T04:31:25Z,g4dn.xlarge,us-east-1a,0.2149
2025-08-08T06:01:35Z,g5.xlarge,us-west-2a,0.5159
2025-08-08T06:02:32Z,p3.2xlarge,us-east-1b,0.9106
2025-08-08T06:17:02Z,g5.xlarge,us-east-1a,0.4272
2025-08-08T06:31:29Z,g4dn.xlarge,us-west-2a,0.2235
2025-08-08T06:46:55Z,g4dn.xlarge,us-east-1b,0.2252
2025-08-08T07:33:01Z,g5.xlarge,us-east-1b,0.4494
2025-08-08T08:01:55Z,g4dn.xlarge,us-east-1a,0.2161
2025-08-08T08:17:59Z,p3.2xlarge,us-west-2a,0.9197
2025-08-08T09:32:27Z,p3.2xlarge,us-east-1b,0.9082
2025-08-08T09:32:53Z,g5.xlarge,us-west-2a,0.5143
2025-08-08T09:46:57Z,g5.xlarge,us-east-1a,0.4228
2025-08-08T10:31:42Z,g4dn.xlarge,us-east-1b,0.2241
2025-08-08T12:02:04Z,g5.xlarge,us-east-1b,0.448
2025-08-08T12:02:55Z,p3.2xlarge,us-east-1a,0.7442
2025-08-08T13:31:40Z,g4dn.xlarge,us-west-2a,0.2247
2025-08-08T13:47:19Z,p3.2xlarge,us-west-2a,0.9245
2025-08-08T14:31:41Z,g4dn.xlarge,us-east-1a,0.2142
2025-08-08T15:01:58Z,g5.xlarge,us-west-2a,0.5128
2025-08-08T16:16:54Z,g5.xlarge,us-east-1a,0.4245
2025-08-08T16:46:39Z,g4dn.xlarge,us-east-1b,0.2224
2025-08-08T17:46:56Z,g5.xlarge,us-east-1b,0.4493
2025-08-08T17:47:16Z,p3.2xlarge,us-east-1b,0.9054
2025-08-08T18:16:28Z,g4dn.xlarge,us-west-2a,0.2224
2025-08-08T18:16:29Z,p3.2xlarge,us-east-1a,0.7494
2025-08-08T20:31:47Z,g5.xlarge,us-east-1a,0.4252
2025-08-08T20:48:09Z,g4dn.xlarge,us-east-1a,0.2132
2025-08-08T22:31:36Z,g4dn.xlarge,us-west-2a,0.2203
2025-08-08T22:47:49Z,p3.2xlarge,us-west-2a,0.9326
2025-08-08T23:47:04Z,g5.xlarge,us-west-2a,0.5153
2025-08-09T01:17:29Z,p3.2xlarge,us-east-1a,0.7536
2025-08-09T01:46:42Z,g4dn.xlarge,us-east-1b,0.2232
2025-08-09T01:47:02Z,g5.xlarge,us-east-1a,0.4245
2025-08-09T01:47:54Z,p3.2xlarge,us-east-1b,0.9123
2025-08-09T02:16:38Z,g4dn.xlarge,us-east-1a,0.2145
2025-08-09T02:31:47Z,g5.xlarge,us-east-1b,0.4463
2025-08-09T05:47:07Z,p3.2xlarge,us-west-2a,0.9336
2025-08-09T07:16:43Z,g4dn.xlarge,us-east-1b,0.224
2025-08-09T07:17:34Z,g5.xlarge,us-west-2a,0.5101
2025-08-09T07:31:31Z,g4dn.xlarge,us-west-2a,0.22
2025-08-09T08:16:44Z,g5.xlarge,us-east-1a,0.4206
2025-08-09T09:02:01Z,p3.2xlarge,us-east-1a,0.7586
2025-08-09T09:16:40Z,g4dn.xlarge,us-east-1a,0.2131
2025-08-09T09:32:03Z,g5.xlarge,us-east-1b,0.4485
2025-08-09T10:17:44Z,g5.xlarge,us-west-2a,0.5098
2025-08-09T10:31:59Z,p3.2xlarge,us-east-1b,0.9085
2025-08-09T13:46:25Z,g4dn.xlarge,us-west-2a,0.2211
2025-08-09T13:47:37Z,g5.xlarge,us-west-2a,0.51
2025-08-09T14:16:40Z,g4dn.xlarge,us-east-1b,0.2245
2025-08-09T14:32:28Z,p3.2xlarge,us-west-2a,0.9409
2025-08-09T16:03:19Z,g5.xlarge,us-east-1b,0.4474
2025-08-09T16:46:45Z,g5.xlarge,us-east-1a,0.4212
2025-08-09T17:01:55Z,p3.2xlarge,us-east-1a,0.7644
2025-08-09T17:32:11Z,g4dn.xlarge,us-east-1a,0.2126
2025-08-09T18:16:55Z,p3.2xlarge,us-east-1b,0.9139
2025-08-09T20:16:39Z,g4dn.xlarge,us-east-1b,0.2221
2025-08-09T20:32:36Z,g5.xlarge,us-west-2a,0.5078
2025-08-09T21:46:44Z,g5.xlarge,us-east-1a,0.4181
2025-08-09T22:16:35Z,g4dn.xlarge,us-west-2a,0.2197
2025-08-09T22:17:20Z,p3.2xlarge,us-east-1a,0.7638
2025-08-09T23:31:50Z,p3.2xlarge,us-west-2a,0.9372
2025-08-10T01:03:09Z,g4dn.xlarge,us-east-1b,0.2228
2025-08-10T01:03:48Z,g5.xlarge,us-east-1b,0.4486
2025-08-10T01:17:16Z,g4dn.xlarge,us-east-1a,0.2124
2025-08-10T02:02:43Z,p3.2xlarge,us-east-1b,0.9199
2025-08-10T03:02:25Z,g5.xlarge,us-west-2a,0.5067
2025-08-10T04:17:43Z,p3.2xlarge,us-east-1a,0.7664
2025-08-10T05:01:55Z,g5.xlarge,us-east-1a,0.4196
2025-08-10T06:47:20Z,g5.xlarge,us-west-2a,0.5093
2025-08-10T07:02:37Z,g5.xlarge,us-east-1b,0.4483
2025-08-10T07:16:32Z,g4dn.xlarge,us-west-2a,0.2216
2025-08-10T07:16:39Z,g4dn.xlarge,us-east-1b,0.2234
2025-08-10T07:32:09Z,p3.2xlarge,us-west-2a,0.9399
2025-08-10T08:17:29Z,p3.2xlarge,us-east-1b,0.9253
2025-08-10T08:46:41Z,g4dn.xlarge,us-east-1a,0.2125
2025-08-10T10:47:37Z,g5.xlarge,us-east-1b,0.4507
2025-08-10T11:32:36Z,p3.2xlarge,us-east-1a,0.7689
2025-08-10T13:16:25Z,g4dn.xlarge,us-west-2a,0.223
2025-08-10T13:17:15Z,g5.xlarge,us-west-2a,0.503
2025-08-10T13:31:40Z,g4dn.xlarge,us-east-1b,0.2213
2025-08-10T13:46:45Z,g5.xlarge,us-east-1a,0.4215
2025-08-10T15:31:36Z,p3.2xlarge,us-east-1b,0.9321
2025-08-10T15:32:25Z,p3.2xlarge,us-west-2a,0.9436
2025-08-10T16:32:13Z,g4dn.xlarge,us-east-1a,0.21
2025-08-10T18:01:44Z,g5.xlarge,us-east-1b,0.4478
2025-08-10T18:18:00Z,p3.2xlarge,us-east-1a,0.7694
2025-08-10T18:31:41Z,g5.xlarge,us-west-2a,0.502
2025-08-10T19:16:41Z,g4dn.xlarge,us-west-2a,0.2242
2025-08-10T19:46:35Z,p3.2xlarge,us-east-1b,0.9338
2025-08-10T19:46:39Z,g4dn.xlarge,us-east-1b,0.2215
2025-08-10T22:02:25Z,g5.xlarge,us-east-1a,0.4207
2025-08-10T22:16:42Z,p3.2xlarge,us-west-2a,0.9491
2025-08-10T22:31:39Z,g4dn.xlarge,us-east-1a,0.2106
2025-08-10T22:47:05Z,g5.xlarge,us-east-1b,0.4483
2025-08-10T23:17:17Z,p3.2xlarge,us-east-1b,0.9386
2025-08-11T01:17:06Z,p3.2xlarge,us-east-1a,0.7764
2025-08-11T02:01:31Z,g4dn.xlarge,us-west-2a,0.2255
2025-08-11T02:17:26Z,g5.xlarge,us-west-2a,0.5043
2025-08-11T02:46:51Z,g5.xlarge,us-east-1a,0.4176
2025-08-11T02:46:52Z,p3.2xlarge,us-west-2a,0.9541
2025-08-11T03:17:25Z,p3.2xlarge,us-east-1b,0.9457
2025-08-11T04:31:40Z,g4dn.xlarge,us-east-1b,0.2227
2025-08-11T04:46:38Z,g4dn.xlarge,us-east-1a,0.2088
2025-08-11T05:47:20Z,g5.xlarge,us-east-1b,0.4458
2025-08-11T06:47:12Z,g4dn.xlarge,us-west-2a,0.2266
2025-08-11T07:17:07Z,p3.2xlarge,us-east-1b,0.9509
2025-08-11T07:46:40Z,g4dn.xlarge,us-east-1b,0.2216
2025-08-11T08:47:09Z,p3.2xlarge,us-east-1a,0.781
2025-08-11T09:31:43Z,g5.xlarge,us-west-2a,0.5059
2025-08-11T10:16:50Z,g4dn.xlarge,us-east-1a,0.2091
2025-08-11T10:46:55Z,g5.xlarge,us-east-1a,0.4185
2025-08-11T11:02:37Z,p3.2xlarge,us-west-2a,0.9476
2025-08-11T11:31:44Z,g4dn.xlarge,us-west-2a,0.2272
2025-08-11T12:46:29Z,g5.xlarge,us-west-2a,0.5092
2025-08-11T12:47:21Z,p3.2xlarge,us-east-1b,0.955
2025-08-11T13:16:44Z,g5.xlarge,us-east-1b,0.446
2025-08-11T14:02:23Z,p3.2xlarge,us-east-1a,0.7848
2025-08-11T15:02:31Z,p3.2xlarge,us-west-2a,0.9497
2025-08-11T15:46:52Z,g4dn.xlarge,us-east-1b,0.2195
2025-08-11T18:02:15Z,g5.xlarge,us-east-1a,0.4177
2025-08-11T18:32:30Z,p3.2xlarge,us-east-1b,0.9498
2025-08-11T19:17:21Z,g4dn.xlarge,us-east-1a,0.2083
2025-08-11T19:32:16Z,p3.2xlarge,us-east-1a,0.7903
2025-08-11T20:16:56Z,g4dn.xlarge,us-west-2a,0.2307
2025-08-11T20:32:31Z,g5.xlarge,us-west-2a,0.5117
2025-08-11T20:47:05Z,g5.xlarge,us-east-1b,0.4451
2025-08-11T21:16:50Z,g4dn.xlarge,us-east-1b,0.2199
2025-08-11T22:31:44Z,g5.xlarge,us-east-1a,0.4178
2025-08-11T22:47:49Z,p3.2xlarge,us-west-2a,0.9566
2025-08-11T23:47:19Z,p3.2xlarge,us-east-1a,0.7959
2025-08-12T00:46:51Z,g4dn.xlarge,us-east-1a,0.2076
2025-08-12T01:16:50Z,g4dn.xlarge,us-east-1b,0.2169
2025-08-12T01:47:03Z,g5.xlarge,us-east-1b,0.4413
2025-08-12T02:02:31Z,p3.2xlarge,us-west-2a,0.9633
2025-08-12T02:16:28Z,g5.xlarge,us-west-2a,0.5137
2025-08-12T02:27:07Z,g4dn.xlarge,us-west-2a,0.2307
2025-08-12T02:31:46Z,g5.xlarge,us-east-1a,0.4145
2025-08-12T03:01:33Z,g4dn.xlarge,us-west-2a,0.2337
2025-08-12T03:31:37Z,p3.2xlarge,us-east-1b,0.9483
2025-08-12T04:32:32Z,p3.2xlarge,us-east-1a,0.803
2025-08-12T06:01:22Z,g4dn.xlarge,us-east-1b,0.2155
2025-08-12T07:31:51Z,g4dn.xlarge,us-east-1a,0.2084
2025-08-12T08:02:06Z,p3.2xlarge,us-east-1a,0.8046
2025-08-12T08:02:08Z,g5.xlarge,us-east-1b,0.4435
2025-08-12T09:47:23Z,g5.xlarge,us-west-2a,0.5158
2025-08-12T09:47:45Z,g5.xlarge,us-east-1a,0.4132
2025-08-12T10:02:21Z,p3.2xlarge,us-west-2a,0.9626
2025-08-12T10:17:57Z,p3.2xlarge,us-east-1b,0.9429
2025-08-12T11:01:52Z,g4dn.xlarge,us-east-1a,0.2077
2025-08-12T11:16:32Z,g4dn.xlarge,us-west-2a,0.2358
2025-08-12T12:32:50Z,g4dn.xlarge,us-east-1b,0.2134
2025-08-12T14:47:05Z,g5.xlarge,us-east-1a,0.414
2025-08-12T15:01:57Z,g4dn.xlarge,us-west-2a,0.2386
2025-08-12T15:47:52Z,g5.xlarge,us-west-2a,0.5138
2025-08-12T16:32:51Z,p3.2xlarge,us-east-1a,0.8067
2025-08-12T16:32:51Z,p3.2xlarge,us-east-1b,0.9479
2025-08-12T16:46:50Z,g5.xlarge,us-east-1b,0.4437
2025-08-12T17:01:55Z,g4dn.xlarge,us-east-1b,0.2135
2025-08-12T18:16:54Z,p3.2xlarge,us-west-2a,0.9634
2025-08-12T19:16:52Z,g5.xlarge,us-east-1a,0.4132
2025-08-12T19:46:43Z,g5.xlarge,us-west-2a,0.5131
2025-08-12T19:46:51Z,g4dn.xlarge,us-east-1a,0.2075
2025-08-12T20:01:28Z,g4dn.xlarge,us-west-2a,0.2404
2025-08-12T20:16:51Z,g4dn.xlarge,us-east-1b,0.2133
2025-08-12T21:17:25Z,p3.2xlarge,us-east-1a,0.813
2025-08-13T00:16:45Z,g5.xlarge,us-east-1b,0.4453
2025-08-13T00:32:53Z,p3.2xlarge,us-east-1a,0.817
2025-08-13T00:46:52Z,p3.2xlarge,us-east-1b,0.9512
2025-08-13T01:31:57Z,g4dn.xlarge,us-west-2a,0.2414
2025-08-13T01:46:51Z,g4dn.xlarge,us-east-1a,0.2079
2025-08-13T02:01:33Z,g5.xlarge,us-west-2a,0.5141
2025-08-13T03:31:39Z,g5.xlarge,us-east-1a,0.4113
2025-08-13T03:46:47Z,g5.xlarge,us-east-1b,0.4474
2025-08-13T03:46:53Z,p3.2xlarge,us-west-2a,0.956
2025-08-13T04:16:50Z,g4dn.xlarge,us-east-1b,0.2116
2025-08-13T05:16:34Z,p3.2xlarge,us-east-1b,0.9551
2025-08-13T06:46:55Z,g4dn.xlarge,us-east-1a,0.209
2025-08-13T07:26:49Z,p3.2xlarge,us-west-2a,0.956
2025-08-13T07:46:34Z,g5.xlarge,us-west-2a,0.514
2025-08-13T08:17:47Z,p3.2xlarge,us-east-1a,0.8133
2025-08-13T09:32:21Z,p3.2xlarge,us-east-1b,0.9621
2025-08-13T09:46:49Z,g4dn.xlarge,us-east-1b,0.2097
2025-08-13T09:46:55Z,g5.xlarge,us-east-1a,0.4102
2025-08-13T10:01:28Z,g4dn.xlarge,us-west-2a,0.2421
2025-08-13T10:02:46Z,p3.2xlarge,us-west-2a,0.9574
2025-08-13T10:02:57Z,g5.xlarge,us-east-1b,0.4439
2025-08-13T10:46:50Z,g4dn.xlarge,us-east-1a,0.2102
2025-08-13T11:47:48Z,p3.2xlarge,us-east-1a,0.8172
2025-08-13T13:01:58Z,g4dn.xlarge,us-east-1b,0.2092
2025-08-13T13:46:41Z,g5.xlarge,us-west-2a,0.5118
2025-08-13T14:17:40Z,p3.2xlarge,us-west-2a,0.9493
2025-08-13T15:16:50Z,g4dn.xlarge,us-east-1a,0.2104
2025-08-13T15:32:16Z,g4dn.xlarge,us-west-2a,0.2442
2025-08-13T16:17:05Z,g5.xlarge,us-east-1b,0.4459
2025-08-13T18:17:18Z,g5.xlarge,us-east-1a,0.4124
2025-08-13T18:32:18Z,p3.2xlarge,us-east-1b,0.9627
2025-08-13T19:16:31Z,g4dn.xlarge,us-west-2a,0.2449
2025-08-13T19:31:54Z,g4dn.xlarge,us-east-1a,0.2099
2025-08-13T19:46:53Z,p3.2xlarge,us-west-2a,0.954
2025-08-13T20:32:21Z,p3.2xlarge,us-east-1a,0.8236
2025-08-13T20:44:10Z,p3.2xlarge,us-west-2a,0.954
2025-08-13T21:31:52Z,g5.xlarge,us-east-1a,0.4093
2025-08-13T21:31:53Z,g4dn.xlarge,us-east-1b,0.21
2025-08-13T21:32:14Z,g5.xlarge,us-west-2a,0.511
2025-08-13T22:02:27Z,p3.2xlarge,us-east-1b,0.9568
2025-08-13T22:31:38Z,g4dn.xlarge,us-west-2a,0.2455
2025-08-13T23:01:50Z,g4dn.xlarge,us-east-1a,0.2111
2025-08-13T23:02:04Z,g5.xlarge,us-east-1b,0.4435
2025-08-14T01:17:06Z,g5.xlarge,us-east-1a,0.4114
2025-08-14T01:32:50Z,p3.2xlarge,us-east-1b,0.9557
2025-08-14T01:47:43Z,p3.2xlarge,us-east-1a,0.8301
2025-08-14T02:02:44Z,p3.2xlarge,us-west-2a,0.95
2025-08-14T02:16:48Z,g5.xlarge,us-west-2a,0.5114
2025-08-14T04:01:52Z,g4dn.xlarge,us-east-1a,0.2115
2025-08-14T04:32:02Z,g5.xlarge,us-east-1a,0.414
2025-08-14T05:16:47Z,g5.xlarge,us-east-1b,0.4422
2025-08-14T06:31:52Z,g4dn.xlarge,us-east-1b,0.2104
2025-08-14T06:47:11Z,p3.2xlarge,us-east-1a,0.8286
2025-08-14T07:01:39Z,g4dn.xlarge,us-west-2a,0.2444
2025-08-14T07:31:48Z,g5.xlarge,us-west-2a,0.5134
2025-08-14T09:01:51Z,g5.xlarge,us-east-1a,0.4148
2025-08-14T09:17:29Z,p3.2xlarge,us-west-2a,0.9551
2025-08-14T09:31:45Z,p3.2xlarge,us-east-1b,0.9519
2025-08-14T10:01:51Z,g4dn.xlarge,us-east-1b,0.2086
2025-08-14T10:32:03Z,p3.2xlarge,us-east-1a,0.826
2025-08-14T11:16:49Z,g4dn.xlarge,us-east-1a,0.212
2025-08-14T12:31:57Z,g5.xlarge,us-east-1b,0.4397
2025-08-14T12:46:39Z,g4dn.xlarge,us-west-2a,0.2455
2025-08-14T13:01:45Z,g5.xlarge,us-west-2a,0.5109
2025-08-14T13:01:47Z,g5.xlarge,us-east-1a,0.4121
2025-08-14T13:16:50Z,g4dn.xlarge,us-east-1b,0.2089
2025-08-14T14:32:22Z,p3.2xlarge,us-east-1a,0.828
2025-08-14T14:32:22Z,p3.2xlarge,us-east-1b,0.957
2025-08-14T15:17:02Z,p3.2xlarge,us-west-2a,0.9626
2025-08-14T16:02:09Z,g5.xlarge,us-east-1b,0.4385
2025-08-14T16:32:07Z,g4dn.xlarge,us-east-1b,0.2087
2025-08-14T17:47:22Z,g4dn.xlarge,us-east-1a,0.2133
2025-08-14T18:16:33Z,p3.2xlarge,us-east-1a,0.8337
2025-08-14T18:33:16Z,p3.2xlarge,us-east-1b,0.9507
2025-08-14T19:16:41Z,g5.xlarge,us-west-2a,0.5101
2025-08-14T19:31:45Z,g4dn.xlarge,us-west-2a,0.2438
2025-08-14T19:31:46Z,g5.xlarge,us-east-1a,0.4142
2025-08-14T21:01:25Z,g4dn.xlarge,us-east-1a,0.2139
2025-08-14T22:02:00Z,p3.2xlarge,us-east-1b,0.951
2025-08-14T22:31:40Z,g5.xlarge,us-east-1b,0.434
2025-08-14T22:46:21Z,g4dn.xlarge,us-east-1b,0.2094
2025-08-14T22:46:37Z,g5.xlarge,us-west-2a,0.5099
2025-08-14T23:32:08Z,g4dn.xlarge,us-west-2a,0.2439
2025-08-14T23:32:30Z,p3.2xlarge,us-west-2a,0.9642
2025-08-15T00:31:52Z,g4dn.xlarge,us-east-1a,0.2134
2025-08-15T00:31:54Z,g5.xlarge,us-east-1a,0.4157
2025-08-15T01:17:49Z,p3.2xlarge,us-east-1a,0.8312
2025-08-15T04:31:52Z,g4dn.xlarge,us-east-1b,0.2096
2025-08-15T05:17:39Z,p3.2xlarge,us-east-1a,0.8387
2025-08-15T05:31:34Z,g4dn.xlarge,us-west-2a,0.2441
2025-08-15T05:31:56Z,p3.2xlarge,us-west-2a,0.9612
2025-08-15T05:48:41Z,p3.2xlarge,us-east-1b,0.9588
2025-08-15T07:01:40Z,g5.xlarge,us-east-1b,0.4362
2025-08-15T07:02:28Z,g5.xlarge,us-west-2a,0.5094
2025-08-15T07:46:51Z,g4dn.xlarge,us-east-1a,0.2113
2025-08-15T09:32:34Z,p3.2xlarge,us-east-1b,0.9639
2025-08-15T10:46:52Z,g4dn.xlarge,us-east-1b,0.2097
2025-08-15T11:31:40Z,g5.xlarge,us-east-1a,0.4183
2025-08-15T11:47:51Z,g4dn.xlarge,us-east-1a,0.2115
2025-08-15T12:01:39Z,g4dn.xlarge,us-west-2a,0.2457
2025-08-15T13:01:44Z,g5.xlarge,us-east-1b,0.4315
2025-08-15T13:01:51Z,p3.2xlarge,us-west-2a,0.966
2025-08-15T13:02:29Z,g5.xlarge,us-west-2a,0.5098
2025-08-15T13:17:50Z,p3.2xlarge,us-east-1a,0.8409
2025-08-15T15:02:41Z,p3.2xlarge,us-east-1b,0.9649
2025-08-15T16:31:55Z,g4dn.xlarge,us-east-1b,0.2107
2025-08-15T17:46:55Z,g4dn.xlarge,us-east-1a,0.2105
2025-08-15T18:01:35Z,g4dn.xlarge,us-west-2a,0.2459
2025-08-15T18:32:17Z,p3.2xlarge,us-west-2a,0.9677
2025-08-15T18:46:36Z,g5.xlarge,us-east-1b,0.4335
2025-08-15T19:01:39Z,g5.xlarge,us-east-1a,0.414
2025-08-15T19:46:36Z,g5.xlarge,us-west-2a,0.5102
2025-08-15T20:31:53Z,g4dn.xlarge,us-east-1b,0.2113
2025-08-15T21:32:32Z,p3.2xlarge,us-east-1a,0.8421
2025-08-15T21:47:03Z,p3.2xlarge,us-east-1b,0.9711
2025-08-15T23:01:53Z,g4dn.xlarge,us-east-1a,0.2099
2025-08-16T00:01:29Z,g4dn.xlarge,us-east-1b,0.2095
2025-08-16T00:31:34Z,g4dn.xlarge,us-west-2a,0.2445
2025-08-16T02:02:30Z,p3.2xlarge,us-west-2a,0.9603
2025-08-16T02:46:57Z,p3.2xlarge,us-east-1b,0.9769
2025-08-16T03:31:54Z,g4dn.xlarge,us-east-1b,0.2088
2025-08-16T03:31:57Z,p3.2xlarge,us-east-1a,0.8413
2025-08-16T03:46:35Z,g4dn.xlarge,us-west-2a,0.2455
2025-08-16T03:46:41Z,g5.xlarge,us-west-2a,0.5105
2025-08-16T03:47:13Z,g5.xlarge,us-east-1a,0.4106
2025-08-16T03:47:13Z,g5.xlarge,us-east-1b,0.4362
2025-08-16T04:46:54Z,g4dn.xlarge,us-east-1a,0.2103
2025-08-16T07:16:45Z,g5.xlarge,us-west-2a,0.5121
2025-08-16T08:31:36Z,g4dn.xlarge,us-west-2a,0.2468
2025-08-16T09:46:55Z,g5.xlarge,us-east-1b,0.4333
2025-08-16T09:47:06Z,p3.2xlarge,us-east-1a,0.8387
2025-08-16T10:02:33Z,p3.2xlarge,us-east-1b,0.9819
2025-08-16T10:16:54Z,g4dn.xlarge,us-east-1b,0.2097
2025-08-16T11:01:49Z,p3.2xlarge,us-west-2a,0.9678
2025-08-16T12:01:45Z,g5.xlarge,us-east-1a,0.412
2025-08-16T12:47:26Z,g5.xlarge,us-west-2a,0.5151
2025-08-16T13:16:58Z,g4dn.xlarge,us-east-1a,0.2108
2025-08-16T15:46:41Z,g5.xlarge,us-east-1a,0.4106
2025-08-16T16:16:26Z,g4dn.xlarge,us-east-1b,0.211
2025-08-16T16:31:52Z,p3.2xlarge,us-west-2a,0.9645
2025-08-16T17:01:37Z,g4dn.xlarge,us-west-2a,0.2442
2025-08-16T17:17:19Z,p3.2xlarge,us-east-1b,0.9804
2025-08-16T17:31:35Z,g5.xlarge,us-east-1b,0.4359
2025-08-16T17:46:53Z,g4dn.xlarge,us-east-1a,0.2087
2025-08-16T18:17:25Z,p3.2xlarge,us-east-1a,0.8434
2025-08-16T19:31:37Z,g5.xlarge,us-west-2a,0.5161
2025-08-16T20:16:36Z,g5.xlarge,us-east-1a,0.4162
2025-08-16T21:01:35Z,g4dn.xlarge,us-west-2a,0.2427
2025-08-16T21:16:35Z,g5.xlarge,us-east-1b,0.4377
2025-08-16T21:17:31Z,p3.2xlarge,us-west-2a,0.9647
2025-08-16T22:02:54Z,g4dn.xlarge,us-east-1a,0.207
2025-08-16T22:02:54Z,g4dn.xlarge,us-east-1b,0.2105
2025-08-16T22:31:55Z,p3.2xlarge,us-east-1b,0.9777
2025-08-17T00:31:38Z,g5.xlarge,us-east-1b,0.4364
2025-08-17T01:02:39Z,p3.2xlarge,us-east-1a,0.8464
2025-08-17T01:16:35Z,p3.2xlarge,us-west-2a,0.9684
2025-08-17T01:31:54Z,g4dn.xlarge,us-east-1b,0.2111
2025-08-17T01:46:52Z,g5.xlarge,us-west-2a,0.5202
2025-08-17T03:31:28Z,g4dn.xlarge,us-west-2a,0.2433
2025-08-17T04:16:36Z,g5.xlarge,us-east-1a,0.4176
2025-08-17T05:46:53Z,g5.xlarge,us-east-1b,0.4319
2025-08-17T06:02:28Z,p3.2xlarge,us-east-1b,0.98
2025-08-17T06:31:58Z,g4dn.xlarge,us-east-1a,0.2067
2025-08-17T07:31:39Z,g5.xlarge,us-west-2a,0.5225
2025-08-17T08:16:59Z,g5.xlarge,us-east-1a,0.4152
2025-08-17T08:31:27Z,g4dn.xlarge,us-east-1b,0.2122
2025-08-17T08:46:35Z,g4dn.xlarge,us-west-2a,0.2443
2025-08-17T09:16:58Z,p3.2xlarge,us-east-1a,0.8466
2025-08-17T10:17:22Z,p3.2xlarge,us-west-2a,0.9693
2025-08-17T12:17:12Z,g4dn.xlarge,us-west-2a,0.2447
2025-08-17T12:31:57Z,g4dn.xlarge,us-east-1a,0.2069
2025-08-17T13:02:31Z,p3.2xlarge,us-east-1b,0.9714
2025-08-17T13:32:41Z,p3.2xlarge,us-east-1a,0.8517
2025-08-17T13:46:45Z,g5.xlarge,us-west-2a,0.5241
2025-08-17T15:31:44Z,g5.xlarge,us-east-1a,0.414
2025-08-17T15:47:22Z,p3.2xlarge,us-west-2a,0.9667
2025-08-17T16:31:57Z,p3.2xlarge,us-east-1b,0.9712
2025-08-17T17:01:26Z,g4dn.xlarge,us-east-1b,0.2129
2025-08-17T17:01:35Z,g4dn.xlarge,us-west-2a,0.2426
2025-08-17T17:16:53Z,g4dn.xlarge,us-east-1a,0.2079
2025-08-17T18:32:21Z,g5.xlarge,us-west-2a,0.5254
2025-08-17T19:17:02Z,p3.2xlarge,us-east-1a,0.8496
2025-08-17T21:02:16Z,g5.xlarge,us-east-1b,0.4331
2025-08-17T22:46:28Z,g4dn.xlarge,us-west-2a,0.2415
2025-08-17T22:46:41Z,g5.xlarge,us-east-1a,0.417
2025-08-17T23:31:47Z,g5.xlarge,us-west-2a,0.5324
2025-08-18T00:33:15Z,p3.2xlarge,us-west-2a,0.9619
2025-08-18T01:16:44Z,p3.2xlarge,us-east-1b,0.9632
2025-08-18T01:31:53Z,g4dn.xlarge,us-east-1a,0.2073
2025-08-18T01:46:54Z,g4dn.xlarge,us-east-1b,0.2116
2025-08-18T03:47:40Z,p3.2xlarge,us-east-1a,0.8474
2025-08-18T04:31:56Z,g5.xlarge,us-east-1b,0.4323
2025-08-18T04:46:54Z,g4dn.xlarge,us-east-1a,0.2084
2025-08-18T06:17:00Z,g5.xlarge,us-west-2a,0.535
2025-08-18T07:16:28Z,g4dn.xlarge,us-west-2a,0.2426
2025-08-18T07:16:32Z,g5.xlarge,us-east-1a,0.4179
2025-08-18T07:17:09Z,p3.2xlarge,us-west-2a,0.9684
2025-08-18T08:17:08Z,g5.xlarge,us-east-1b,0.4282
2025-08-18T08:17:29Z,p3.2xlarge,us-east-1b,0.958
2025-08-18T09:46:53Z,g4dn.xlarge,us-east-1a,0.2067
2025-08-18T10:16:54Z,g4dn.xlarge,us-east-1b,0.2103
2025-08-18T10:32:09Z,g4dn.xlarge,us-west-2a,0.2437
2025-08-18T10:46:54Z,p3.2xlarge,us-east-1a,0.8543
2025-08-18T12:01:46Z,g5.xlarge,us-west-2a,0.5407
2025-08-18T13:17:45Z,p3.2xlarge,us-east-1b,0.965
2025-08-18T14:17:11Z,g5.xlarge,us-east-1b,0.4252
2025-08-18T14:46:57Z,g5.xlarge,us-east-1a,0.4191
2025-08-18T15:47:26Z,p3.2xlarge,us-west-2a,0.9686
2025-08-18T16:16:48Z,g5.xlarge,us-west-2a,0.5496
2025-08-18T17:16:53Z,g4dn.xlarge,us-east-1a,0.2078
2025-08-18T18:02:28Z,p3.2xlarge,us-east-1a,0.853
2025-08-18T18:46:29Z,g4dn.xlarge,us-west-2a,0.2415
2025-08-18T19:17:01Z,g5.xlarge,us-east-1a,0.4171
2025-08-18T19:32:40Z,p3.2xlarge,us-east-1b,0.9696
2025-08-18T21:31:36Z,g5.xlarge,us-west-2a,0.5517
2025-08-18T22:16:59Z,g5.xlarge,us-east-1b,0.423
2025-08-18T23:16:27Z,g4dn.xlarge,us-west-2a,0.2395
2025-08-18T23:16:47Z,g4dn.xlarge,us-east-1b,0.209
2025-08-19T00:16:32Z,g5.xlarge,us-east-1a,0.4194
2025-08-19T00:32:29Z,p3.2xlarge,us-west-2a,0.9621
2025-08-19T01:01:38Z,g4dn.xlarge,us-east-1a,0.2067
2025-08-19T02:01:50Z,p3.2xlarge,us-east-1b,0.9641
2025-08-19T02:02:50Z,p3.2xlarge,us-east-1a,0.8578
2025-08-19T03:47:19Z,g5.xlarge,us-west-2a,0.5542
2025-08-19T05:46:39Z,g5.xlarge,us-east-1a,0.4193
2025-08-19T07:01:29Z,g5.xlarge,us-east-1b,0.4202
2025-08-19T07:03:21Z,p3.2xlarge,us-west-2a,0.9572
2025-08-19T07:19:01Z,p3.2xlarge,us-east-1b,0.9698
2025-08-19T07:47:01Z,p3.2xlarge,us-east-1a,0.8655
2025-08-19T08:01:38Z,g4dn.xlarge,us-east-1a,0.207
2025-08-19T10:31:37Z,g5.xlarge,us-west-2a,0.5575
2025-08-19T10:48:13Z,g5.xlarge,us-east-1a,0.4202
2025-08-19T11:17:27Z,g4dn.xlarge,us-west-2a,0.2375
2025-08-19T11:32:31Z,p3.2xlarge,us-east-1a,0.8661
2025-08-19T11:46:37Z,g4dn.xlarge,us-east-1b,0.2091
2025-08-19T12:01:56Z,g5.xlarge,us-east-1b,0.4214
2025-08-19T12:46:37Z,p3.2xlarge,us-west-2a,0.9509
2025-08-19T12:48:01Z,p3.2xlarge,us-east-1b,0.9725
2025-08-19T14:46:35Z,g5.xlarge,us-east-1a,0.4224
2025-08-19T15:16:40Z,g4dn.xlarge,us-east-1a,0.2047
2025-08-19T17:46:53Z,g5.xlarge,us-west-2a,0.5616
2025-08-19T17:47:17Z,g5.xlarge,us-east-1b,0.423
2025-08-19T18:16:33Z,g4dn.xlarge,us-west-2a,0.2361
2025-08-19T18:31:39Z,g5.xlarge,us-east-1a,0.4235
2025-08-19T19:01:59Z,g4dn.xlarge,us-east-1b,0.2107
2025-08-19T19:02:59Z,p3.2xlarge,us-east-1a,0.8758
2025-08-19T19:47:04Z,g4dn.xlarge,us-east-1a,0.2056
2025-08-19T20:16:46Z,p3.2xlarge,us-east-1b,0.9704
2025-08-19T21:32:08Z,p3.2xlarge,us-west-2a,0.9477
2025-08-19T22:16:31Z,g4dn.xlarge,us-west-2a,0.2358
2025-08-20T00:16:36Z,g5.xlarge,us-east-1a,0.424
2025-08-20T00:47:53Z,p3.2xlarge,us-east-1a,0.8789
2025-08-20T01:31:50Z,g5.xlarge,us-west-2a,0.5689
2025-08-20T01:31:50Z,p3.2xlarge,us-west-2a,0.9551
2025-08-20T02:17:03Z,g5.xlarge,us-east-1b,0.4227
2025-08-20T02:31:41Z,g4dn.xlarge,us-east-1a,0.2058
2025-08-20T02:31:41Z,g4dn.xlarge,us-east-1b,0.2114
2025-08-20T03:16:39Z,g4dn.xlarge,us-west-2a,0.2362
2025-08-20T04:47:22Z,p3.2xlarge,us-east-1b,0.9721
2025-08-20T05:17:29Z,p3.2xlarge,us-east-1a,0.8793
2025-08-20T06:01:34Z,g5.xlarge,us-east-1a,0.4233
2025-08-20T06:46:55Z,g4dn.xlarge,us-east-1b,0.2117
2025-08-20T07:31:32Z,g5.xlarge,us-east-1b,0.4207
2025-08-20T07:31:59Z,g4dn.xlarge,us-west-2a,0.2374
2025-08-20T07:47:14Z,g5.xlarge,us-west-2a,0.5729
2025-08-20T08:01:50Z,p3.2xlarge,us-west-2a,0.9668
2025-08-20T11:16:40Z,g4dn.xlarge,us-east-1a,0.2061
2025-08-20T11:16:40Z,g4dn.xlarge,us-east-1b,0.2108
2025-08-20T13:48:30Z,p3.2xlarge,us-east-1a,0.8794
2025-08-20T13:48:30Z,p3.2xlarge,us-east-1b,0.9744
2025-08-20T14:18:04Z,g5.xlarge,us-east-1a,0.4234
2025-08-20T14:47:14Z,g4dn.xlarge,us-east-1b,0.2114
2025-08-20T14:47:41Z,p3.2xlarge,us-west-2a,0.9718
2025-08-20T14:47:46Z,g4dn.xlarge,us-west-2a,0.2371
2025-08-20T14:47:59Z,g5.xlarge,us-west-2a,0.5864
2025-08-20T15:01:40Z,g4dn.xlarge,us-east-1a,0.2055
2025-08-20T16:32:07Z,g5.xlarge,us-east-1b,0.4231
2025-08-20T17:13:44Z,g4dn.xlarge,us-west-2a,0.2371
2025-08-20T18:18:22Z,p3.2xlarge,us-east-1b,0.9756
2025-08-20T18:46:51Z,g4dn.xlarge,us-east-1a,0.2061
2025-08-20T19:16:49Z,p3.2xlarge,us-west-2a,0.9721
2025-08-20T20:31:32Z,g5.xlarge,us-west-2a,0.5997
2025-08-20T21:17:19Z,g5.xlarge,us-east-1b,0.421
2025-08-20T22:02:50Z,g4dn.xlarge,us-west-2a,0.2378
2025-08-20T22:31:53Z,p3.2xlarge,us-east-1a,0.8801
2025-08-20T22:46:32Z,g5.xlarge,us-east-1a,0.4239
2025-08-20T23:31:52Z,g4dn.xlarge,us-east-1a,0.2065
2025-08-21T01:02:08Z,g5.xlarge,us-east-1b,0.424
2025-08-21T01:02:15Z,p3.2xlarge,us-east-1b,0.9818
2025-08-21T01:32:35Z,p3.2xlarge,us-west-2a,0.9799
2025-08-21T02:31:33Z,g5.xlarge,us-west-2a,0.6035
2025-08-21T03:02:38Z,p3.2xlarge,us-east-1a,0.8838
2025-08-21T04:01:33Z,g5.xlarge,us-east-1a,0.4264
2025-08-21T04:31:56Z,p3.2xlarge,us-east-1b,0.9889
2025-08-21T04:48:09Z,g5.xlarge,us-east-1b,0.4248
2025-08-21T06:01:52Z,g4dn.xlarge,us-east-1b,0.212
2025-08-21T06:31:42Z,g4dn.xlarge,us-west-2a,0.2371
2025-08-21T08:03:01Z,g5.xlarge,us-east-1b,0.4227
2025-08-21T08:16:48Z,p3.2xlarge,us-east-1a,0.8857
2025-08-21T08:31:52Z,g4dn.xlarge,us-east-1a,0.2058
2025-08-21T09:46:50Z,p3.2xlarge,us-west-2a,0.9802
2025-08-21T10:02:18Z,p3.2xlarge,us-east-1b,0.9939
2025-08-21T11:02:10Z,g4dn.xlarge,us-west-2a,0.2379
2025-08-21T11:32:49Z,g5.xlarge,us-west-2a,0.6073
2025-08-21T11:46:51Z,g4dn.xlarge,us-east-1b,0.2112
2025-08-21T12:02:02Z,g5.xlarge,us-east-1a,0.4291
2025-08-21T12:47:04Z,g5.xlarge,us-east-1b,0.4255
2025-08-21T13:31:51Z,g4dn.xlarge,us-east-1a,0.2069
2025-08-21T16:17:17Z,p3.2xlarge,us-east-1a,0.8881
2025-08-21T17:01:33Z,p3.2xlarge,us-east-1b,0.9911
2025-08-21T17:31:40Z,g5.xlarge,us-west-2a,0.6115
2025-08-21T17:47:05Z,p3.2xlarge,us-west-2a,0.975
2025-08-21T17:47:14Z,g4dn.xlarge,us-west-2a,0.239
2025-08-21T18:17:06Z,g4dn.xlarge,us-east-1b,0.2114
2025-08-21T18:53:32Z,g5.xlarge,us-west-2a,0.6115
2025-08-21T20:31:51Z,p3.2xlarge,us-east-1b,0.996
2025-08-21T21:16:52Z,g4dn.xlarge,us-east-1a,0.2074
2025-08-21T21:48:16Z,g5.xlarge,us-east-1b,0.4264
2025-08-21T22:32:07Z,p3.2xlarge,us-west-2a,0.9758
2025-08-21T23:02:05Z,p3.2xlarge,us-east-1a,0.8923
2025-08-22T00:17:01Z,g4dn.xlarge,us-east-1b,0.2121
2025-08-22T00:32:52Z,g5.xlarge,us-west-2a,0.6076
2025-08-22T01:16:58Z,g5.xlarge,us-east-1b,0.4274
2025-08-22T01:17:41Z,g4dn.xlarge,us-west-2a,0.2383
2025-08-22T02:31:47Z,p3.2xlarge,us-east-1b,1.0025
2025-08-22T03:02:53Z,g4dn.xlarge,us-east-1a,0.208
2025-08-22T03:32:18Z,p3.2xlarge,us-east-1a,0.8963
2025-08-22T04:47:36Z,p3.2xlarge,us-west-2a,0.9795
2025-08-22T05:16:55Z,g5.xlarge,us-east-1a,0.4263
2025-08-22T05:32:21Z,g5.xlarge,us-west-2a,0.6084
2025-08-22T05:47:07Z,g4dn.xlarge,us-east-1b,0.2135
2025-08-22T06:01:49Z,p3.2xlarge,us-east-1b,0.9974
2025-08-22T07:16:56Z,g5.xlarge,us-east-1b,0.4279
2025-08-22T08:17:14Z,g4dn.xlarge,us-west-2a,0.2394
2025-08-22T08:32:36Z,p3.2xlarge,us-west-2a,0.9826
2025-08-22T10:01:49Z,g5.xlarge,us-east-1a,0.4252
2025-08-22T10:01:49Z,g5.xlarge,us-west-2a,0.6065
2025-08-22T11:01:53Z,g4dn.xlarge,us-east-1a,0.2088
2025-08-22T11:16:51Z,g4dn.xlarge,us-east-1b,0.2118
2025-08-22T12:02:09Z,p3.2xlarge,us-east-1a,0.892
2025-08-22T13:33:06Z,p3.2xlarge,us-east-1b,0.9934
2025-08-22T14:16:53Z,g5.xlarge,us-east-1b,0.4272
2025-08-22T14:17:41Z,g5.xlarge,us-west-2a,0.6074
2025-08-22T15:17:13Z,g4dn.xlarge,us-east-1b,0.2126
2025-08-22T15:32:09Z,g4dn.xlarge,us-west-2a,0.24
2025-08-22T15:47:26Z,p3.2xlarge,us-east-1a,0.8965
2025-08-22T17:01:48Z,g5.xlarge,us-east-1a,0.4243
2025-08-22T17:32:48Z,p3.2xlarge,us-west-2a,0.9903
2025-08-22T18:01:47Z,g5.xlarge,us-west-2a,0.6061
2025-08-22T19:02:09Z,g4dn.xlarge,us-east-1a,0.2096
2025-08-22T20:01:46Z,g5.xlarge,us-east-1b,0.4284
2025-08-22T22:01:58Z,p3.2xlarge,us-east-1b,0.9875
2025-08-22T22:16:47Z,g5.xlarge,us-east-1a,0.4245
2025-08-22T23:01:39Z,g4dn.xlarge,us-west-2a,0.2404
2025-08-22T23:18:39Z,p3.2xlarge,us-east-1a,0.8978
2025-08-23T00:47:34Z,p3.2xlarge,us-west-2a,0.987
2025-08-23T01:48:03Z,g4dn.xlarge,us-east-1a,0.2085
2025-08-23T02:01:41Z,g5.xlarge,us-west-2a,0.6086
2025-08-23T02:46:39Z,g5.xlarge,us-east-1a,0.4268
2025-08-23T03:31:39Z,g5.xlarge,us-east-1b,0.43
2025-08-23T04:32:41Z,p3.2xlarge,us-east-1a,0.8969
2025-08-23T05:46:42Z,g4dn.xlarge,us-west-2a,0.2409
2025-08-23T06:31:41Z,g5.xlarge,us-east-1a,0.4283
2025-08-23T06:32:21Z,p3.2xlarge,us-east-1b,0.9902
2025-08-23T07:02:05Z,g4dn.xlarge,us-east-1b,0.2138
2025-08-23T08:32:55Z,p3.2xlarge,us-west-2a,0.9901
2025-08-23T09:46:36Z,g4dn.xlarge,us-east-1a,0.2086
2025-08-23T09:46:45Z,g5.xlarge,us-east-1b,0.4256
2025-08-23T10:02:09Z,g5.xlarge,us-west-2a,0.6113
2025-08-23T11:46:57Z,p3.2xlarge,us-west-2a,0.9957
2025-08-23T12:02:16Z,p3.2xlarge,us-east-1a,0.8975
2025-08-23T12:31:40Z,g4dn.xlarge,us-west-2a,0.2434
2025-08-23T12:32:19Z,p3.2xlarge,us-east-1b,0.9897
2025-08-23T14:16:40Z,g5.xlarge,us-east-1a,0.4281
2025-08-23T14:32:03Z,g4dn.xlarge,us-east-1b,0.2141
2025-08-23T15:16:48Z,g5.xlarge,us-west-2a,0.612
2025-08-23T17:32:30Z,p3.2xlarge,us-east-1a,0.8983
2025-08-23T18:01:56Z,g5.xlarge,us-east-1b,0.4267
2025-08-23T18:46:39Z,g4dn.xlarge,us-west-2a,0.2443
2025-08-23T18:46:49Z,g4dn.xlarge,us-east-1a,0.2091
2025-08-23T19:32:13Z,p3.2xlarge,us-west-2a,0.9972
2025-08-23T21:01:52Z,p3.2xlarge,us-east-1b,0.9913
2025-08-23T21:31:41Z,g5.xlarge,us-east-1b,0.4245
2025-08-23T22:01:36Z,g4dn.xlarge,us-east-1b,0.2117
2025-08-23T23:16:48Z,g5.xlarge,us-east-1a,0.4274
2025-08-23T23:32:48Z,p3.2xlarge,us-east-1a,0.9064
2025-08-23T23:46:49Z,g5.xlarge,us-west-2a,0.6129
2025-08-24T01:31:33Z,g4dn.xlarge,us-east-1b,0.2114
2025-08-24T01:46:33Z,g4dn.xlarge,us-east-1a,0.2095
2025-08-24T02:31:38Z,g4dn.xlarge,us-west-2a,0.2444
2025-08-24T02:32:45Z,p3.2xlarge,us-east-1b,0.9953
2025-08-24T02:47:56Z,p3.2xlarge,us-east-1a,0.9098
2025-08-24T03:02:02Z,g5.xlarge,us-west-2a,0.617
2025-08-24T03:32:07Z,p3.2xlarge,us-west-2a,0.9975
2025-08-24T04:17:01Z,g5.xlarge,us-east-1a,0.4261
2025-08-24T05:46:42Z,g4dn.xlarge,us-west-2a,0.2453
2025-08-24T06:31:41Z,g5.xlarge,us-east-1b,0.4258
2025-08-24T06:46:38Z,g4dn.xlarge,us-east-1a,0.2101
2025-08-24T07:16:33Z,g4dn.xlarge,us-east-1b,0.2106
2025-08-24T07:16:39Z,p3.2xlarge,us-east-1b,1.0025
2025-08-24T08:02:11Z,p3.2xlarge,us-west-2a,1.0033
2025-08-24T08:48:32Z,g5.xlarge,us-west-2a,0.6309
2025-08-24T09:46:47Z,g5.xlarge,us-east-1b,0.4206
2025-08-24T10:17:53Z,p3.2xlarge,us-east-1a,0.9096
2025-08-24T11:01:55Z,g5.xlarge,us-east-1a,0.4273
2025-08-24T11:32:04Z,g4dn.xlarge,us-east-1b,0.2113
2025-08-24T12:31:38Z,g4dn.xlarge,us-west-2a,0.2471
2025-08-24T13:17:21Z,g5.xlarge,us-east-1b,0.422
2025-08-24T13:31:34Z,g4dn.xlarge,us-east-1a,0.2095
2025-08-24T15:31:57Z,p3.2xlarge,us-west-2a,1.0104
2025-08-24T15:47:02Z,p3.2xlarge,us-east-1b,1.0035
2025-08-24T16:32:39Z,g5.xlarge,us-west-2a,0.6333
2025-08-24T17:17:18Z,g4dn.xlarge,us-west-2a,0.2476
2025-08-24T17:31:40Z,g5.xlarge,us-east-1a,0.4225
2025-08-24T17:32:24Z,p3.2xlarge,us-east-1a,0.9081
2025-08-24T19:01:33Z,g4dn.xlarge,us-east-1b,0.211
2025-08-24T19:01:43Z,p3.2xlarge,us-east-1b,1.0066
2025-08-24T19:16:47Z,g5.xlarge,us-east-1b,0.4176
2025-08-24T20:02:49Z,p3.2xlarge,us-west-2a,1.0083
2025-08-24T20:47:43Z,g5.xlarge,us-west-2a,0.6448
2025-08-24T21:02:01Z,p3.2xlarge,us-east-1a,0.9131
2025-08-24T21:46:35Z,g4dn.xlarge,us-east-1a,0.2096
2025-08-24T23:16:37Z,g4dn.xlarge,us-west-2a,0.2502
2025-08-24T23:16:39Z,g5.xlarge,us-east-1b,0.42
2025-08-24T23:31:27Z,p3.2xlarge,us-east-1b,1.0009
2025-08-25T00:47:34Z,g5.xlarge,us-west-2a,0.6463
2025-08-25T01:47:47Z,g5.xlarge,us-east-1a,0.4292
2025-08-25T02:31:33Z,g4dn.xlarge,us-east-1a,0.2108
2025-08-25T02:32:04Z,p3.2xlarge,us-east-1a,0.9163
2025-08-25T02:48:05Z,g4dn.xlarge,us-east-1b,0.2111
2025-08-25T03:03:10Z,g5.xlarge,us-east-1b,0.4213
2025-08-25T03:17:06Z,p3.2xlarge,us-east-1b,0.9931
2025-08-25T04:02:23Z,p3.2xlarge,us-west-2a,1.0064
2025-08-25T05:16:37Z,g4dn.xlarge,us-west-2a,0.2498
2025-08-25T06:16:36Z,g4dn.xlarge,us-east-1a,0.2112
2025-08-25T06:32:05Z,g4dn.xlarge,us-east-1b,0.2129
2025-08-25T08:16:47Z,g5.xlarge,us-east-1a,0.4332
2025-08-25T08:46:45Z,g5.xlarge,us-west-2a,0.6488
2025-08-25T08:47:01Z,p3.2xlarge,us-east-1a,0.9202
2025-08-25T09:28:12Z,g4dn.xlarge,us-east-1a,0.2112
2025-08-25T09:28:12Z,g4dn.xlarge,us-east-1b,0.2129
2025-08-25T11:31:35Z,p3.2xlarge,us-east-1b,0.9947
2025-08-25T11:47:44Z,p3.2xlarge,us-west-2a,1.0095
2025-08-25T12:01:42Z,g4dn.xlarge,us-west-2a,0.2517
2025-08-25T12:02:11Z,g5.xlarge,us-east-1b,0.422
2025-08-25T13:32:01Z,g5.xlarge,us-west-2a,0.6487
2025-08-25T15:02:10Z,g4dn.xlarge,us-east-1b,0.2133
2025-08-25T16:48:40Z,p3.2xlarge,us-east-1a,0.9144
2025-08-25T17:01:38Z,p3.2xlarge,us-east-1b,0.9954
2025-08-25T17:16:47Z,g5.xlarge,us-east-1a,0.4344
2025-08-25T17:16:47Z,g5.xlarge,us-east-1b,0.4228
2025-08-25T18:32:40Z,g5.xlarge,us-west-2a,0.6455
2025-08-25T18:46:41Z,g4dn.xlarge,us-east-1a,0.212
2025-08-25T19:02:25Z,p3.2xlarge,us-west-2a,1.0081
2025-08-25T21:01:38Z,g4dn.xlarge,us-west-2a,0.2523
2025-08-25T21:47:10Z,g4dn.xlarge,us-east-1b,0.214
2025-08-25T23:02:24Z,p3.2xlarge,us-east-1a,0.9191
2025-08-26T00:01:56Z,g5.xlarge,us-west-2a,0.6424
2025-08-26T00:17:03Z,p3.2xlarge,us-west-2a,1.014
2025-08-26T00:31:44Z,g4dn.xlarge,us-east-1a,0.2125
2025-08-26T00:32:05Z,g5.xlarge,us-east-1b,0.4233
2025-08-26T01:01:39Z,g5.xlarge,us-east-1a,0.4406
2025-08-26T01:02:30Z,p3.2xlarge,us-east-1b,0.9974
2025-08-26T02:46:38Z,g4dn.xlarge,us-west-2a,0.253
2025-08-26T03:46:40Z,g4dn.xlarge,us-east-1a,0.211
2025-08-26T04:02:51Z,p3.2xlarge,us-west-2a,1.0155
2025-08-26T05:16:50Z,g5.xlarge,us-west-2a,0.6339
2025-08-26T06:16:52Z,g4dn.xlarge,us-east-1b,0.2154
2025-08-26T06:47:37Z,p3.2xlarge,us-east-1a,0.9129
2025-08-26T07:16:38Z,g4dn.xlarge,us-west-2a,0.2525
2025-08-26T07:31:39Z,g4dn.xlarge,us-east-1a,0.2111
2025-08-26T08:47:09Z,g5.xlarge,us-east-1b,0.4255
2025-08-26T08:47:21Z,p3.2xlarge,us-west-2a,1.018
2025-08-26T09:31:50Z,p3.2xlarge,us-east-1b,0.9895
2025-08-26T10:17:18Z,g5.xlarge,us-west-2a,0.6357
2025-08-26T12:01:39Z,g4dn.xlarge,us-east-1b,0.2161
2025-08-26T12:16:40Z,g4dn.xlarge,us-east-1a,0.21
2025-08-26T12:32:48Z,p3.2xlarge,us-east-1a,0.9173
2025-08-26T13:01:59Z,g5.xlarge,us-east-1b,0.4274
2025-08-26T13:47:39Z,g4dn.xlarge,us-west-2a,0.2528
2025-08-26T15:31:58Z,g5.xlarge,us-east-1a,0.4395
2025-08-26T15:47:06Z,p3.2xlarge,us-east-1a,0.9191
2025-08-26T16:23:02Z,g5.xlarge,us-east-1a,0.4395
2025-08-26T16:23:02Z,g5.xlarge,us-east-1b,0.4274
2025-08-26T17:01:53Z,p3.2xlarge,us-west-2a,1.0188
2025-08-26T17:16:41Z,g5.xlarge,us-west-2a,0.6328
2025-08-26T17:18:29Z,p3.2xlarge,us-east-1b,0.9898
2025-08-26T19:17:14Z,p3.2xlarge,us-east-1a,0.9204
2025-08-26T20:01:53Z,g4dn.xlarge,us-east-1b,0.2148
2025-08-26T21:31:57Z,g5.xlarge,us-east-1a,0.4403
2025-08-26T21:46:40Z,g4dn.xlarge,us-west-2a,0.2521
2025-08-26T22:01:30Z,g5.xlarge,us-east-1b,0.4256
2025-08-26T22:32:03Z,g4dn.xlarge,us-east-1a,0.2092
2025-08-27T00:48:05Z,p3.2xlarge,us-east-1b,0.9904
2025-08-27T01:02:30Z,g5.xlarge,us-west-2a,0.6249
2025-08-27T01:31:58Z,g5.xlarge,us-east-1b,0.4267
2025-08-27T01:47:40Z,p3.2xlarge,us-west-2a,1.0255
2025-08-27T02:01:34Z,g4dn.xlarge,us-east-1a,0.21
2025-08-27T02:31:57Z,p3.2xlarge,us-east-1a,0.9214
2025-08-27T02:46:34Z,g4dn.xlarge,us-east-1b,0.2161
2025-08-27T04:01:55Z,p3.2xlarge,us-east-1b,0.992
2025-08-27T04:02:17Z,g5.xlarge,us-east-1a,0.4416
2025-08-27T05:01:40Z,g5.xlarge,us-east-1b,0.4247
2025-08-27T07:16:34Z,g4dn.xlarge,us-east-1a,0.2104
2025-08-27T07:46:39Z,g5.xlarge,us-west-2a,0.6237
2025-08-27T08:32:17Z,p3.2xlarge,us-east-1a,0.9174
2025-08-27T09:02:09Z,g4dn.xlarge,us-east-1b,0.216
2025-08-27T09:47:38Z,p3.2xlarge,us-west-2a,1.0237
2025-08-27T10:32:07Z,g5.xlarge,us-east-1a,0.4407
2025-08-27T11:01:39Z,g4dn.xlarge,us-west-2a,0.2534
2025-08-27T11:46:38Z,g4dn.xlarge,us-east-1a,0.211
2025-08-27T12:31:52Z,g5.xlarge,us-east-1b,0.4263
2025-08-27T12:46:39Z,p3.2xlarge,us-east-1b,0.987
2025-08-27T14:16:33Z,p3.2xlarge,us-east-1a,0.9178
2025-08-27T14:31:54Z,g5.xlarge,us-east-1a,0.4418
2025-08-27T14:47:16Z,g4dn.xlarge,us-east-1a,0.2109
2025-08-27T15:47:15Z,g4dn.xlarge,us-east-1b,0.2167
2025-08-27T16:17:39Z,g5.xlarge,us-west-2a,0.6211
2025-08-27T16:18:07Z,p3.2xlarge,us-west-2a,1.0307
2025-08-27T16:32:04Z,p3.2xlarge,us-east-1b,0.9869
2025-08-27T17:16:38Z,g4dn.xlarge,us-west-2a,0.2562
2025-08-27T17:31:53Z,g5.xlarge,us-east-1b,0.4222
2025-08-27T19:02:14Z,g4dn.xlarge,us-east-1b,0.2156
2025-08-27T19:21:25Z,g5.xlarge,us-west-2a,0.6211
2025-08-27T20:01:28Z,g5.xlarge,us-east-1a,0.4408
2025-08-27T20:02:23Z,p3.2xlarge,us-east-1b,0.9878
2025-08-27T20:17:21Z,p3.2xlarge,us-east-1a,0.9252
2025-08-27T21:17:20Z,g5.xlarge,us-east-1b,0.4208
2025-08-27T22:02:54Z,g4dn.xlarge,us-east-1a,0.2107
2025-08-27T22:16:55Z,g5.xlarge,us-west-2a,0.6145
2025-08-27T23:16:50Z,g4dn.xlarge,us-west-2a,0.2576
2025-08-27T23:47:32Z,p3.2xlarge,us-west-2a,1.0242
2025-08-27T23:47:42Z,p3.2xlarge,us-east-1a,0.9324
2025-08-28T02:31:37Z,g5.xlarge,us-west-2a,0.6157
2025-08-28T02:47:04Z,g4dn.xlarge,us-east-1a,0.2114
2025-08-28T03:02:04Z,g4dn.xlarge,us-east-1b,0.2139
2025-08-28T03:17:14Z,p3.2xlarge,us-east-1a,0.9353
2025-08-28T03:46:41Z,p3.2xlarge,us-east-1b,0.9888
2025-08-28T04:02:19Z,g5.xlarge,us-east-1a,0.4379
2025-08-28T04:16:49Z,p3.2xlarge,us-west-2a,1.026
2025-08-28T05:17:01Z,g5.xlarge,us-east-1b,0.4213
2025-08-28T06:01:54Z,g4dn.xlarge,us-west-2a,0.2584
2025-08-28T08:16:36Z,g5.xlarge,us-west-2a,0.617
2025-08-28T08:17:04Z,g5.xlarge,us-east-1a,0.4375
2025-08-28T08:47:48Z,p3.2xlarge,us-east-1a,0.9412
2025-08-28T10:17:32Z,p3.2xlarge,us-west-2a,1.0315
2025-08-28T10:31:33Z,g4dn.xlarge,us-east-1a,0.2094
2025-08-28T10:32:11Z,g5.xlarge,us-east-1b,0.4202
2025-08-28T11:32:00Z,g5.xlarge,us-east-1a,0.4378
2025-08-28T12:02:16Z,p3.2xlarge,us-east-1b,0.9847
2025-08-28T14:31:53Z,g4dn.xlarge,us-west-2a,0.259
2025-08-28T14:31:58Z,g5.xlarge,us-west-2a,0.6154
2025-08-28T14:47:10Z,g5.xlarge,us-east-1b,0.4191
2025-08-28T15:02:07Z,p3.2xlarge,us-east-1a,0.9388
2025-08-28T15:17:04Z,g4dn.xlarge,us-east-1a,0.209
2025-08-28T15:17:08Z,p3.2xlarge,us-west-2a,1.0384
2025-08-28T16:03:03Z,g4dn.xlarge,us-east-1b,0.2142
2025-08-28T17:32:54Z,p3.2xlarge,us-east-1b,0.9764
2025-08-28T18:31:53Z,g5.xlarge,us-east-1a,0.4387
2025-08-28T18:32:07Z,g4dn.xlarge,us-east-1a,0.2097
2025-08-28T18:47:40Z,g5.xlarge,us-west-2a,0.6079
2025-08-28T19:47:07Z,g4dn.xlarge,us-east-1b,0.2157
2025-08-28T20:17:02Z,g5.xlarge,us-east-1b,0.4199
2025-08-28T21:02:12Z,p3.2xlarge,us-east-1b,0.9721
2025-08-28T21:31:51Z,g4dn.xlarge,us-west-2a,0.2649
2025-08-28T22:47:35Z,p3.2xlarge,us-west-2a,1.0424
2025-08-28T23:31:40Z,p3.2xlarge,us-east-1a,0.9464
2025-08-29T00:16:58Z,g5.xlarge,us-east-1b,0.4226
2025-08-29T00:31:55Z,g5.xlarge,us-west-2a,0.6047
2025-08-29T01:16:33Z,g4dn.xlarge,us-east-1a,0.2103
2025-08-29T02:16:55Z,g5.xlarge,us-east-1a,0.4385
2025-08-29T02:17:07Z,g4dn.xlarge,us-east-1b,0.2143
2025-08-29T02:33:51Z,p3.2xlarge,us-east-1b,0.9775
2025-08-29T03:02:28Z,p3.2xlarge,us-west-2a,1.0456
2025-08-29T05:17:04Z,g4dn.xlarge,us-east-1a,0.2116
2025-08-29T06:01:32Z,g4dn.xlarge,us-west-2a,0.2667
2025-08-29T06:16:36Z,g5.xlarge,us-west-2a,0.6074
2025-08-29T06:17:12Z,p3.2xlarge,us-west-2a,1.0499
2025-08-29T06:47:15Z,p3.2xlarge,us-east-1a,0.9524
2025-08-29T06:47:16Z,g5.xlarge,us-east-1b,0.4202
2025-08-29T09:16:59Z,g5.xlarge,us-east-1a,0.4409
2025-08-29T10:02:06Z,g4dn.xlarge,us-east-1b,0.2125
2025-08-29T11:32:37Z,p3.2xlarge,us-east-1b,0.9741
2025-08-29T12:02:38Z,g5.xlarge,us-west-2a,0.6
2025-08-29T12:18:03Z,g4dn.xlarge,us-east-1a,0.2118
2025-08-29T13:31:42Z,p3.2xlarge,us-west-2a,1.0512
2025-08-29T14:32:08Z,p3.2xlarge,us-east-1a,0.9557
2025-08-29T14:47:02Z,g5.xlarge,us-east-1b,0.4203
2025-08-29T15:02:22Z,g4dn.xlarge,us-west-2a,0.2673
2025-08-29T17:47:29Z,p3.2xlarge,us-east-1b,0.9772
2025-08-29T18:02:12Z,g4dn.xlarge,us-east-1a,0.2121
2025-08-29T18:16:53Z,g5.xlarge,us-east-1a,0.4363
2025-08-29T18:17:07Z,p3.2xlarge,us-west-2a,1.0563
2025-08-29T18:46:34Z,g4dn.xlarge,us-east-1b,0.2127
2025-08-29T18:46:54Z,p3.2xlarge,us-east-1a,0.9583
2025-08-29T19:46:38Z,g5.xlarge,us-west-2a,0.6002
2025-08-29T20:02:27Z,g5.xlarge,us-east-1b,0.4231
2025-08-29T21:31:29Z,g4dn.xlarge,us-west-2a,0.2682
2025-08-29T21:33:03Z,p3.2xlarge,us-east-1b,0.9823
2025-08-29T22:32:04Z,g4dn.xlarge,us-east-1b,0.2136
2025-08-29T23:01:39Z,p3.2xlarge,us-west-2a,1.0571
2025-08-29T23:01:54Z,g5.xlarge,us-east-1a,0.4388
2025-08-29T23:02:03Z,g4dn.xlarge,us-east-1a,0.2123
2025-08-29T23:02:36Z,g5.xlarge,us-west-2a,0.5924
2025-08-30T01:32:21Z,p3.2xlarge,us-east-1a,0.9659
2025-08-30T03:16:35Z,g4dn.xlarge,us-west-2a,0.2685
2025-08-30T03:31:57Z,g5.xlarge,us-east-1b,0.4243
2025-08-30T04:32:04Z,g4dn.xlarge,us-east-1a,0.2122
2025-08-30T04:47:42Z,g5.xlarge,us-west-2a,0.588
2025-08-30T05:17:03Z,g4dn.xlarge,us-east-1b,0.2124
2025-08-30T06:01:43Z,p3.2xlarge,us-east-1b,0.986
2025-08-30T07:01:35Z,g4dn.xlarge,us-west-2a,0.2694
2025-08-30T07:02:06Z,g5.xlarge,us-east-1a,0.4347
2025-08-30T07:02:11Z,p3.2xlarge,us-west-2a,1.0621
2025-08-30T07:47:01Z,g5.xlarge,us-east-1b,0.4262
2025-08-30T09:31:38Z,g4dn.xlarge,us-east-1a,0.2126
2025-08-30T09:32:06Z,p3.2xlarge,us-east-1a,0.9707
2025-08-30T11:17:05Z,p3.2xlarge,us-east-1b,0.9863
2025-08-30T12:16:48Z,p3.2xlarge,us-west-2a,1.0665
2025-08-30T12:32:23Z,g5.xlarge,us-west-2a,0.5874
2025-08-30T12:46:33Z,g4dn.xlarge,us-west-2a,0.2708
2025-08-30T13:01:58Z,g5.xlarge,us-east-1b,0.4264
2025-08-30T13:17:04Z,g4dn.xlarge,us-east-1b,0.213
2025-08-30T14:01:55Z,g5.xlarge,us-east-1a,0.4363
2025-08-30T16:31:35Z,g4dn.xlarge,us-east-1a,0.2139
2025-08-30T16:31:35Z,g4dn.xlarge,us-east-1b,0.2129
2025-08-30T16:31:54Z,g5.xlarge,us-east-1b,0.4274
2025-08-30T16:32:10Z,p3.2xlarge,us-east-1a,0.9676
2025-08-30T17:46:53Z,g5.xlarge,us-east-1a,0.439
2025-08-30T18:46:53Z,p3.2xlarge,us-east-1b,0.9878
2025-08-30T20:46:43Z,g5.xlarge,us-west-2a,0.5895
2025-08-30T20:47:03Z,g4dn.xlarge,us-east-1b,0.2137
2025-08-30T20:47:29Z,p3.2xlarge,us-west-2a,1.0615
2025-08-30T21:02:33Z,g4dn.xlarge,us-west-2a,0.272
2025-08-30T21:47:08Z,p3.2xlarge,us-east-1a,0.9745
2025-08-30T23:16:54Z,g5.xlarge,us-east-1a,0.4347
2025-08-31T00:31:33Z,g4dn.xlarge,us-east-1a,0.215
2025-08-31T01:32:01Z,g5.xlarge,us-east-1b,0.4277
2025-08-31T01:32:02Z,g4dn.xlarge,us-east-1b,0.2142
2025-08-31T01:47:55Z,g4dn.xlarge,us-west-2a,0.2724
2025-08-31T02:46:36Z,p3.2xlarge,us-east-1b,0.9903
2025-08-31T03:01:39Z,p3.2xlarge,us-east-1a,0.9822
2025-08-31T04:47:30Z,p3.2xlarge,us-west-2a,1.0559
2025-08-31T05:17:04Z,g4dn.xlarge,us-east-1a,0.2129
2025-08-31T05:17:25Z,g5.xlarge,us-west-2a,0.5912
2025-08-31T05:17:29Z,g5.xlarge,us-east-1b,0.4279
2025-08-31T05:31:31Z,g4dn.xlarge,us-west-2a,0.2733
2025-08-31T07:17:00Z,g5.xlarge,us-east-1a,0.441
2025-08-31T08:02:10Z,p3.2xlarge,us-east-1b,0.9827
2025-08-31T08:32:33Z,g5.xlarge,us-east-1b,0.43
2025-08-31T09:47:29Z,g4dn.xlarge,us-west-2a,0.2726
2025-08-31T10:02:04Z,g4dn.xlarge,us-east-1b,0.213
2025-08-31T10:47:51Z,p3.2xlarge,us-west-2a,1.0603
2025-08-31T12:01:53Z,p3.2xlarge,us-east-1a,0.9899
2025-08-31T12:01:57Z,g5.xlarge,us-east-1a,0.4416
2025-08-31T13:47:04Z,g4dn.xlarge,us-east-1a,0.2127
2025-08-31T14:01:50Z,g5.xlarge,us-west-2a,0.5976
2025-08-31T15:02:07Z,g4dn.xlarge,us-east-1b,0.2137
2025-08-31T16:31:48Z,p3.2xlarge,us-east-1b,0.9897
2025-08-31T17:16:29Z,g4dn.xlarge,us-west-2a,0.2711
2025-08-31T17:16:55Z,g5.xlarge,us-east-1b,0.4341
2025-08-31T17:47:34Z,p3.2xlarge,us-west-2a,1.063
2025-08-31T18:46:48Z,p3.2xlarge,us-east-1a,0.9897
2025-08-31T19:17:47Z,g5.xlarge,us-east-1a,0.4437
2025-08-31T20:32:05Z,g4dn.xlarge,us-east-1a,0.2115
2025-08-31T21:16:29Z,g4dn.xlarge,us-west-2a,0.2677
2025-08-31T21:47:01Z,g4dn.xlarge,us-east-1b,0.2143
2025-08-31T22:02:47Z,g5.xlarge,us-west-2a,0.6053
2025-08-31T23:01:46Z,g5.xlarge,us-east-1b,0.4355
2025-08-31T23:32:29Z,p3.2xlarge,us-west-2a,1.0673
